H	col	frontier_in	frontier_out	wall_s	cpu_s	eff_cores	util_pct	rss_max_mb	map_wall_s	merge_wall_s	merge_frac	map_units	merge_ranges
1	0	1	1	0.00	0.0	0.00	0.0	5.7	0.00	0.00	-	-	-
1	1	1	1	0.00	0.0	0.00	0.0	5.7	0.00	0.00	-	-	-
1	2	1	1	0.00	0.0	0.00	0.0	5.7	0.00	0.00	-	-	-
1	3	1	1	0.00	0.0	0.00	0.0	5.7	0.00	0.00	-	-	-
1	4	1	1	0.00	0.0	0.00	0.0	5.7	0.00	0.00	-	-	-
1	5	1	1	0.00	0.0	0.00	0.0	5.7	0.00	0.00	-	-	-
1	6	1	1	0.00	0.0	0.00	0.0	5.7	0.00	0.00	-	-	-
1	7	1	1	0.00	0.0	0.00	0.0	5.7	0.00	0.00	-	-	-
1	8	1	1	0.00	0.0	0.00	0.0	5.7	0.00	0.00	-	-	-
1	9	1	1	0.00	0.0	0.00	0.0	5.7	0.00	0.00	-	-	-
1	10	1	1	0.00	0.0	0.00	0.0	5.7	0.00	0.00	-	-	-
1	11	1	1	0.00	0.0	0.00	0.0	5.7	0.00	0.00	-	-	-
1	12	1	1	0.00	0.0	0.00	0.0	5.7	0.00	0.00	-	-	-
1	13	1	1	0.00	0.0	0.00	0.0	5.7	0.00	0.00	-	-	-
1	14	1	1	0.00	0.0	0.00	0.0	5.7	0.00	0.00	-	-	-
1	15	1	1	0.00	0.0	0.00	0.0	5.7	0.00	0.00	-	-	-
1	16	1	1	0.00	0.0	0.00	0.0	5.7	0.00	0.00	-	-	-
1	17	1	1	0.00	0.0	0.00	0.0	5.7	0.00	0.00	-	-	-
1	18	1	1	0.00	0.0	0.00	0.0	5.7	0.00	0.00	-	-	-
1	19	1	1	0.00	0.0	0.00	0.0	5.7	0.00	0.00	-	-	-
1	20	1	0	0.00	0.0	0.00	0.0	5.7	0.00	0.00	-	-	-
2	0	1	2	0.00	0.0	0.00	0.0	5.7	0.00	0.00	-	-	-
2	1	2	3	0.00	0.0	0.00	0.0	5.7	0.00	0.00	-	-	-
2	2	3	3	0.01	0.0	0.00	0.0	5.7	0.00	0.00	0.000	-	-
2	3	3	3	0.00	0.0	0.00	0.0	5.9	0.00	0.00	-	-	-
2	4	3	3	0.00	0.0	0.00	0.0	5.9	0.00	0.00	-	-	-
2	5	3	3	0.00	0.0	0.00	0.0	5.9	0.00	0.00	-	-	-
2	6	3	3	0.00	0.0	0.00	0.0	6.2	0.00	0.00	-	-	-
2	7	3	3	0.01	0.0	0.00	0.0	7.0	0.00	0.00	0.000	-	-
2	8	3	3	0.00	0.0	0.00	0.0	7.1	0.00	0.00	-	-	-
2	9	3	3	0.00	0.0	0.00	0.0	7.1	0.00	0.00	-	-	-
2	10	3	3	0.00	0.0	0.00	0.0	7.0	0.00	0.00	-	-	-
2	11	3	3	0.00	0.0	0.00	0.0	7.1	0.00	0.00	-	-	-
2	12	3	3	0.00	0.0	0.00	0.0	7.3	0.00	0.00	-	-	-
2	13	3	3	0.01	0.0	0.00	0.0	7.5	0.00	0.00	0.000	-	-
2	14	3	3	0.01	0.0	0.00	0.0	7.5	0.00	0.00	0.000	-	-
2	15	3	3	0.00	0.0	0.00	0.0	7.5	0.00	0.00	-	-	-
2	16	3	3	0.00	0.0	0.00	0.0	7.5	0.00	0.00	-	-	-
2	17	3	3	0.00	0.0	0.00	0.0	7.5	0.00	0.00	-	-	-
2	18	3	3	0.00	0.0	0.00	0.0	7.5	0.00	0.00	-	-	-
2	19	3	1	0.00	0.0	0.00	0.0	7.5	0.00	0.00	-	-	-
2	20	1	0	0.00	0.0	0.00	0.0	7.5	0.00	0.00	-	-	-
3	0	1	5	0.00	0.0	0.00	0.0	7.5	0.00	0.00	-	-	-
3	1	5	10	0.01	0.0	0.00	0.0	8.2	0.00	0.00	0.000	-	-
3	2	10	10	0.01	0.0	0.00	0.0	8.2	0.00	0.00	0.000	-	-
3	3	10	10	0.01	0.0	0.00	0.0	8.4	0.00	0.00	0.000	-	-
3	4	10	10	0.01	0.0	0.00	0.0	8.9	0.00	0.00	0.000	-	-
3	5	10	10	0.01	0.0	0.00	0.0	9.3	0.00	0.00	0.000	-	-
3	6	10	10	0.01	0.0	0.00	0.0	9.5	0.00	0.00	0.000	-	-
3	7	10	10	0.01	0.0	0.00	0.0	9.5	0.01	0.01	1.000	-	-
3	8	10	10	0.01	0.0	0.00	0.0	9.5	0.01	0.00	0.000	-	-
3	9	10	10	0.01	0.0	0.00	0.0	9.5	0.00	0.00	0.000	-	-
3	10	10	10	0.01	0.0	0.00	0.0	9.5	0.00	0.00	0.000	-	-
3	11	10	10	0.01	0.0	0.00	0.0	9.5	0.00	0.00	0.000	-	-
3	12	10	10	0.01	0.0	0.00	0.0	9.5	0.00	0.00	0.000	-	-
3	13	10	10	0.01	0.0	0.00	0.0	9.5	0.00	0.01	1.000	-	-
3	14	10	10	0.01	0.0	0.00	0.0	9.5	0.00	0.01	1.000	-	-
3	15	10	10	0.01	0.0	0.00	0.0	9.5	0.00	0.00	0.000	-	-
3	16	10	10	0.01	0.0	0.00	0.0	9.5	0.01	0.00	0.000	-	-
3	17	10	10	0.01	0.0	0.00	0.0	9.5	0.00	0.00	0.000	-	-
3	18	10	5	0.01	0.0	0.00	0.0	9.5	0.01	0.00	0.000	-	-
3	19	5	2	0.01	0.0	0.00	0.0	9.5	0.00	0.00	0.000	-	-
3	20	2	0	0.00	0.0	0.00	0.0	9.5	0.00	0.00	-	-	-
4	0	1	9	0.00	0.0	0.00	0.0	9.5	0.00	0.00	-	-	-
4	1	9	22	0.01	0.0	0.00	0.0	9.5	0.01	0.00	0.000	-	-
4	2	22	22	0.02	0.0	0.00	0.0	9.5	0.01	0.01	0.500	-	-
4	3	22	22	0.02	0.0	0.00	0.0	9.5	0.01	0.01	0.500	-	-
4	4	22	22	0.02	0.0	0.00	0.0	9.5	0.01	0.01	0.500	-	-
4	5	22	22	0.01	0.0	0.00	0.0	9.9	0.01	0.01	1.000	-	-
4	6	22	22	0.02	0.0	0.00	0.0	10.1	0.01	0.01	0.500	-	-
4	7	22	22	0.01	0.0	0.00	0.0	10.5	0.01	0.01	1.000	-	-
4	8	22	22	0.01	0.0	0.00	0.0	10.5	0.01	0.01	1.000	-	-
4	9	22	22	0.01	0.0	0.00	0.0	10.5	0.01	0.01	1.000	-	-
4	10	22	22	0.01	0.0	0.00	0.0	10.5	0.01	0.01	1.000	-	-
4	11	22	22	0.01	0.0	0.00	0.0	10.5	0.01	0.01	1.000	-	-
4	12	22	22	0.01	0.0	0.00	0.0	10.5	0.01	0.01	1.000	-	-
4	13	22	22	0.01	0.0	0.00	0.0	10.5	0.01	0.01	1.000	-	-
4	14	22	22	0.01	0.0	0.00	0.0	10.5	0.01	0.01	1.000	-	-
4	15	22	22	0.01	0.0	0.00	0.0	10.5	0.01	0.01	1.000	-	-
4	16	22	22	0.01	0.0	0.00	0.0	10.5	0.01	0.01	1.000	-	-
4	17	22	13	0.01	0.0	0.00	0.0	10.5	0.01	0.00	0.000	-	-
4	18	13	6	0.01	0.0	0.00	0.0	10.5	0.00	0.00	0.000	-	-
4	19	6	2	0.01	0.0	0.00	0.0	10.5	0.01	0.00	0.000	-	-
4	20	2	0	0.00	0.0	0.00	0.0	10.5	0.00	0.00	-	-	-
5	0	1	19	0.00	0.0	0.00	0.0	10.5	0.00	0.00	-	-	-
5	1	19	56	0.01	0.0	0.00	0.0	10.5	0.01	0.01	1.000	-	-
5	2	56	57	0.04	0.2	5.00	16.7	10.5	0.01	0.03	0.750	-	-
5	3	57	57	0.03	0.2	6.67	22.2	10.5	0.01	0.02	0.667	-	-
5	4	57	57	0.04	0.2	5.00	16.7	10.6	0.02	0.02	0.500	-	-
5	5	57	57	0.03	0.2	6.67	22.2	10.8	0.01	0.02	0.667	-	-
5	6	57	57	0.03	0.2	6.67	22.2	10.8	0.01	0.02	0.667	-	-
5	7	57	57	0.03	0.2	6.67	22.2	10.9	0.02	0.01	0.333	-	-
5	8	57	57	0.03	0.2	6.67	22.2	10.9	0.01	0.02	0.667	-	-
5	9	57	57	0.03	0.2	6.67	22.2	10.9	0.02	0.02	0.667	-	-
5	10	57	57	0.03	0.2	6.67	22.2	10.9	0.01	0.02	0.667	-	-
5	11	57	57	0.03	0.2	6.67	22.2	10.9	0.01	0.02	0.667	-	-
5	12	57	57	0.03	0.2	6.67	22.2	10.9	0.02	0.02	0.667	-	-
5	13	57	57	0.03	0.2	6.67	22.2	10.9	0.02	0.02	0.667	-	-
5	14	57	57	0.03	0.2	6.67	22.2	10.9	0.01	0.02	0.667	-	-
5	15	57	57	0.03	0.2	6.67	22.2	11.2	0.01	0.02	0.667	-	-
5	16	57	37	0.02	0.1	5.00	16.7	11.2	0.01	0.01	0.500	-	-
5	17	37	19	0.02	0.1	5.00	16.7	11.2	0.01	0.01	0.500	-	-
5	18	19	8	0.01	0.0	0.00	0.0	11.2	0.01	0.00	0.000	-	-
5	19	8	3	0.01	0.0	0.00	0.0	11.2	0.00	0.00	0.000	-	-
5	20	3	0	0.00	0.0	0.00	0.0	11.2	0.00	0.00	-	-	-
6	0	1	35	0.00	0.0	0.00	0.0	11.2	0.00	0.00	-	-	-
6	1	35	126	0.02	0.0	0.00	0.0	11.2	0.01	0.01	0.500	-	-
6	2	126	131	0.08	1.0	12.50	41.7	11.3	0.02	0.06	0.750	-	-
6	3	131	131	0.09	1.0	11.11	37.0	11.3	0.03	0.06	0.667	-	-
6	4	131	131	0.08	0.9	11.25	37.5	11.8	0.03	0.05	0.625	-	-
6	5	131	131	0.09	1.0	11.11	37.0	11.8	0.04	0.06	0.667	-	-
6	6	131	131	0.09	1.1	12.22	40.7	11.9	0.03	0.06	0.667	-	-
6	7	131	131	0.08	1.0	12.50	41.7	11.9	0.03	0.05	0.625	-	-
6	8	131	131	0.09	1.1	12.22	40.7	11.9	0.03	0.06	0.667	-	-
6	9	131	131	0.08	1.0	12.50	41.7	11.9	0.03	0.05	0.625	-	-
6	10	131	131	0.08	0.9	11.25	37.5	12.2	0.03	0.05	0.625	-	-
6	11	131	131	0.08	0.9	11.25	37.5	12.2	0.03	0.05	0.625	-	-
6	12	131	131	0.09	1.2	13.33	44.4	12.2	0.03	0.06	0.667	-	-
6	13	131	131	0.08	1.2	15.00	50.0	12.2	0.03	0.06	0.750	-	-
6	14	131	130	0.08	1.0	12.50	41.7	12.2	0.03	0.05	0.625	-	-
6	15	130	93	0.06	0.8	13.33	44.4	12.2	0.03	0.04	0.667	-	-
6	16	93	48	0.04	0.3	7.50	25.0	12.2	0.02	0.02	0.500	-	-
6	17	48	22	0.02	0.1	5.00	16.7	12.2	0.01	0.01	0.500	-	-
6	18	22	9	0.01	0.0	0.00	0.0	12.2	0.01	0.00	0.000	-	-
6	19	9	3	0.01	0.0	0.00	0.0	12.2	0.00	0.00	0.000	-	-
6	20	3	0	0.00	0.0	0.00	0.0	12.2	0.00	0.00	-	-	-
7	0	1	71	0.00	0.0	0.00	0.0	12.2	0.00	0.00	-	-	-
7	1	71	307	0.04	0.3	7.50	25.0	12.2	0.01	0.03	0.750	-	-
7	2	307	334	0.10	0.8	8.00	26.7	12.2	0.02	0.08	0.800	-	-
7	3	334	335	0.11	1.0	9.09	30.3	12.2	0.03	0.08	0.727	-	-
7	4	335	335	0.12	1.3	10.83	36.1	12.2	0.03	0.09	0.750	-	-
7	5	335	335	0.11	1.1	10.00	33.3	12.2	0.03	0.08	0.727	-	-
7	6	335	335	0.11	1.0	9.09	30.3	12.2	0.03	0.08	0.727	-	-
7	7	335	335	0.12	1.1	9.17	30.6	12.2	0.03	0.09	0.750	-	-
7	8	335	335	0.12	1.2	10.00	33.3	12.2	0.03	0.09	0.750	-	-
7	9	335	335	0.11	1.1	10.00	33.3	12.2	0.03	0.08	0.727	-	-
7	10	335	335	0.10	0.8	8.00	26.7	12.2	0.03	0.07	0.700	-	-
7	11	335	335	0.11	0.9	8.18	27.3	12.4	0.03	0.07	0.636	-	-
7	12	335	335	0.10	1.0	10.00	33.3	12.3	0.03	0.07	0.700	-	-
7	13	335	331	0.10	1.1	11.00	36.7	12.3	0.03	0.07	0.700	-	-
7	14	331	249	0.08	1.1	13.75	45.8	12.3	0.03	0.05	0.625	-	-
7	15	249	133	0.08	1.1	13.75	45.8	12.3	0.03	0.05	0.625	-	-
7	16	133	62	0.05	0.5	10.00	33.3	12.5	0.03	0.02	0.400	-	-
7	17	62	28	0.02	0.1	5.00	16.7	12.5	0.01	0.01	0.500	-	-
7	18	28	11	0.01	0.0	0.00	0.0	12.5	0.01	0.00	0.000	-	-
7	19	11	4	0.01	0.0	0.00	0.0	12.5	0.00	0.00	0.000	-	-
7	20	4	0	0.00	0.0	0.00	0.0	12.5	0.00	0.00	-	-	-
8	0	1	135	0.00	0.0	0.00	0.0	12.5	0.00	0.00	-	-	-
8	1	135	715	0.10	0.9	9.00	30.0	12.5	0.02	0.08	0.800	-	-
8	2	715	819	0.17	1.1	6.47	21.6	12.5	0.04	0.13	0.765	-	-
8	3	819	825	0.18	1.3	7.22	24.1	12.5	0.04	0.13	0.722	-	-
8	4	825	825	0.19	1.2	6.32	21.1	12.5	0.04	0.15	0.789	-	-
8	5	825	825	0.18	1.2	6.67	22.2	12.5	0.04	0.14	0.778	-	-
8	6	825	825	0.18	1.3	7.22	24.1	12.5	0.04	0.14	0.778	-	-
8	7	825	825	0.18	1.3	7.22	24.1	12.5	0.04	0.14	0.778	-	-
8	8	825	825	0.18	1.3	7.22	24.1	12.5	0.04	0.14	0.778	-	-
8	9	825	825	0.17	1.0	5.88	19.6	12.5	0.04	0.13	0.765	-	-
8	10	825	825	0.17	1.2	7.06	23.5	12.5	0.04	0.13	0.765	-	-
8	11	825	822	0.14	1.3	9.29	31.0	12.5	0.03	0.11	0.786	-	-
8	12	822	810	0.12	1.0	8.33	27.8	12.5	0.03	0.09	0.750	-	-
8	13	810	638	0.10	1.0	10.00	33.3	12.5	0.03	0.07	0.700	-	-
8	14	638	344	0.09	1.1	12.22	40.7	12.5	0.03	0.06	0.667	-	-
8	15	344	165	0.07	1.0	14.29	47.6	12.5	0.03	0.05	0.714	-	-
8	16	165	73	0.06	0.7	11.67	38.9	12.6	0.03	0.03	0.500	-	-
8	17	73	31	0.03	0.1	3.33	11.1	12.6	0.02	0.01	0.333	-	-
8	18	31	12	0.01	0.0	0.00	0.0	12.6	0.01	0.00	0.000	-	-
8	19	12	4	0.01	0.0	0.00	0.0	12.6	0.00	0.00	0.000	-	-
8	20	4	0	0.00	0.0	0.00	0.0	12.6	0.00	0.00	-	-	-
9	0	1	271	0.01	0.0	0.00	0.0	12.6	0.00	0.00	0.000	-	-
9	1	271	1729	0.16	0.9	5.62	18.8	12.6	0.02	0.14	0.875	-	-
9	2	1729	2113	0.33	1.9	5.76	19.2	12.6	0.07	0.26	0.788	-	-
9	3	2113	2152	0.36	2.2	6.11	20.4	12.6	0.08	0.28	0.778	-	-
9	4	2152	2152	0.36	2.2	6.11	20.4	12.6	0.07	0.29	0.806	-	-
9	5	2152	2152	0.36	2.2	6.11	20.4	12.6	0.08	0.28	0.778	-	-
9	6	2152	2152	0.35	2.0	5.71	19.0	12.6	0.07	0.28	0.800	-	-
9	7	2152	2152	0.35	2.1	6.00	20.0	12.6	0.07	0.28	0.800	-	-
9	8	2152	2152	0.33	1.9	5.76	19.2	13.1	0.07	0.26	0.788	-	-
9	9	2152	2152	0.31	1.8	5.81	19.4	13.1	0.07	0.24	0.774	-	-
9	10	2152	2137	0.26	1.6	6.15	20.5	13.1	0.05	0.21	0.808	-	-
9	11	2137	2089	0.19	1.4	7.37	24.6	13.1	0.05	0.14	0.737	-	-
9	12	2089	1691	0.14	1.3	9.29	31.0	13.1	0.04	0.10	0.714	-	-
9	13	1691	929	0.11	1.2	10.91	36.4	13.1	0.04	0.07	0.636	-	-
9	14	929	449	0.09	1.1	12.22	40.7	13.1	0.03	0.06	0.667	-	-
9	15	449	205	0.08	1.0	12.50	41.7	13.1	0.03	0.05	0.625	-	-
9	16	205	87	0.06	0.8	13.33	44.4	13.1	0.03	0.03	0.500	-	-
9	17	87	37	0.03	0.2	6.67	22.2	13.1	0.02	0.01	0.333	-	-
9	18	37	14	0.02	0.0	0.00	0.0	13.1	0.01	0.01	0.500	-	-
9	19	14	5	0.01	0.0	0.00	0.0	13.1	0.00	0.00	0.000	-	-
9	20	5	0	0.00	0.0	0.00	0.0	13.1	0.00	0.00	-	-	-
10	0	1	527	0.00	0.0	0.00	0.0	13.1	0.00	0.00	-	-	-
10	1	527	4107	0.35	1.3	3.71	12.4	13.1	0.04	0.31	0.886	-	-
10	2	4107	5379	0.81	6.3	7.78	25.9	13.1	0.23	0.58	0.716	-	-
10	3	5379	5560	0.96	8.4	8.75	29.2	18.3	0.30	0.65	0.677	-	-
10	4	5560	5560	0.98	8.4	8.57	28.6	15.4	0.32	0.66	0.673	-	-
10	5	5560	5560	0.94	7.8	8.30	27.7	15.0	0.29	0.65	0.691	-	-
10	6	5560	5560	0.92	7.1	7.72	25.7	13.1	0.27	0.65	0.707	-	-
10	7	5560	5560	0.81	5.9	7.28	24.3	13.1	0.22	0.59	0.728	-	-
10	8	5560	5548	0.68	4.4	6.47	21.6	13.1	0.17	0.51	0.750	-	-
10	9	5548	5489	0.53	3.2	6.04	20.1	13.1	0.14	0.40	0.755	-	-
10	10	5489	5327	0.36	2.4	6.67	22.2	13.1	0.10	0.27	0.750	-	-
10	11	5327	4391	0.25	1.7	6.80	22.7	13.1	0.07	0.17	0.680	-	-
10	12	4391	2457	0.16	1.3	8.12	27.1	13.1	0.06	0.10	0.625	-	-
10	13	2457	1175	0.11	1.1	10.00	33.3	13.1	0.04	0.07	0.636	-	-
10	14	1175	531	0.09	0.9	10.00	33.3	13.1	0.03	0.06	0.667	-	-
10	15	531	231	0.08	0.7	8.75	29.2	13.4	0.03	0.04	0.500	-	-
10	16	231	98	0.06	0.6	10.00	33.3	13.4	0.03	0.04	0.667	-	-
10	17	98	40	0.04	0.2	5.00	16.7	13.4	0.02	0.01	0.250	-	-
10	18	40	15	0.01	0.1	10.00	33.3	13.4	0.01	0.00	0.000	-	-
10	19	15	5	0.01	0.0	0.00	0.0	13.4	0.01	0.00	0.000	-	-
10	20	5	0	0.00	0.0	0.00	0.0	13.4	0.00	0.00	-	-	-
11	0	1	1055	0.01	0.0	0.00	0.0	13.4	0.01	0.00	0.000	-	-
11	1	1055	9918	0.77	2.6	3.38	11.3	26.2	0.14	0.63	0.818	-	-
11	2	9918	13993	2.63	33.0	12.55	41.8	56.4	1.24	1.39	0.529	-	-
11	3	13993	14772	3.20	41.2	12.88	42.9	54.8	1.59	1.61	0.503	-	-
11	4	14772	14772	3.15	40.0	12.70	42.3	60.1	1.55	1.61	0.511	-	-
11	5	14772	14772	2.95	35.1	11.90	39.7	49.0	1.38	1.57	0.532	-	-
11	6	14772	14771	2.47	27.1	10.97	36.6	50.0	1.01	1.46	0.591	-	-
11	7	14771	14707	1.88	18.1	9.63	32.1	31.4	0.68	1.20	0.638	-	-
11	8	14707	14438	1.34	11.4	8.51	28.4	28.4	0.45	0.89	0.664	-	-
11	9	14438	13816	0.83	6.5	7.83	26.1	25.8	0.27	0.56	0.675	-	-
11	10	13816	11493	0.49	3.9	7.96	26.5	25.8	0.17	0.32	0.653	-	-
11	11	11493	6587	0.30	2.4	8.00	26.7	25.8	0.12	0.18	0.600	-	-
11	12	6587	3020	0.17	1.5	8.82	29.4	25.8	0.07	0.10	0.588	-	-
11	13	3020	1317	0.11	1.0	9.09	30.3	25.8	0.04	0.07	0.636	-	-
11	14	1317	561	0.10	1.0	10.00	33.3	25.8	0.03	0.06	0.600	-	-
11	15	561	247	0.09	1.0	11.11	37.0	25.8	0.04	0.05	0.556	-	-
11	16	247	109	0.06	0.7	11.67	38.9	25.8	0.03	0.04	0.667	-	-
11	17	109	46	0.04	0.3	7.50	25.0	25.8	0.03	0.01	0.250	-	-
11	18	46	17	0.02	0.1	5.00	16.7	25.8	0.01	0.01	0.500	-	-
11	19	17	6	0.01	0.0	0.00	0.0	25.8	0.00	0.00	0.000	-	-
11	20	6	0	0.00	0.0	0.00	0.0	25.8	0.00	0.00	-	-	-
12	0	1	2079	0.01	0.0	0.00	0.0	25.8	0.01	0.00	0.000	-	-
12	1	2079	23778	1.88	9.7	5.16	17.2	25.8	0.35	1.54	0.819	-	-
12	2	23778	36219	9.46	166.7	17.62	58.7	223.2	6.06	3.40	0.359	-	-
12	3	36219	39048	10.70	181.2	16.93	56.4	190.9	6.74	3.96	0.370	-	-
12	4	39048	39048	10.05	166.0	16.52	55.1	185.2	6.06	3.98	0.396	-	-
12	5	39048	39035	8.19	122.9	15.01	50.0	214.1	4.52	3.68	0.449	-	-
12	6	39035	38853	6.01	78.1	13.00	43.3	206.9	2.94	3.07	0.511	-	-
12	7	38853	37816	3.83	44.0	11.49	38.3	109.9	1.68	2.16	0.564	-	-
12	8	37816	35521	2.30	22.8	9.91	33.0	57.4	0.94	1.36	0.591	-	-
12	9	35521	29325	1.30	12.4	9.54	31.8	26.1	0.56	0.74	0.569	-	-
12	10	29325	16681	0.66	6.4	9.70	32.3	26.1	0.30	0.37	0.561	-	-
12	11	16681	7885	0.39	3.1	7.95	26.5	26.1	0.21	0.18	0.462	-	-
12	12	7885	3293	0.19	1.8	9.47	31.6	26.1	0.08	0.10	0.526	-	-
12	13	3293	1356	0.12	1.4	11.67	38.9	26.1	0.05	0.07	0.583	-	-
12	14	1356	560	0.09	0.9	10.00	33.3	26.1	0.04	0.05	0.556	-	-
12	15	560	239	0.08	1.1	13.75	45.8	26.1	0.03	0.05	0.625	-	-
12	16	239	109	0.07	0.8	11.43	38.1	26.1	0.03	0.04	0.571	-	-
12	17	109	48	0.05	0.2	4.00	13.3	26.1	0.03	0.02	0.400	-	-
12	18	48	18	0.02	0.1	5.00	16.7	26.1	0.01	0.01	0.500	-	-
12	19	18	6	0.01	0.0	0.00	0.0	26.1	0.01	0.00	0.000	-	-
12	20	6	0	0.00	0.0	0.00	0.0	26.1	0.00	0.00	-	-	-
13	0	1	4159	0.02	0.0	0.00	0.0	26.1	0.01	0.00	0.000	-	-
13	1	4159	57408	5.17	40.3	7.79	26.0	90.7	1.46	3.71	0.718	-	-
13	2	57408	94328	33.41	672.3	20.12	67.1	844.7	24.92	8.49	0.254	-	-
13	3	94328	102870	33.33	643.9	19.32	64.4	864.0	23.72	9.61	0.288	-	-
13	4	102870	102845	27.60	506.3	18.34	61.1	842.4	18.48	9.12	0.330	-	-
13	5	102845	102517	20.06	309.3	15.42	51.4	524.7	12.45	7.61	0.379	-	-
13	6	102517	99837	11.73	168.0	14.32	47.7	406.9	6.34	5.38	0.459	-	-
13	7	99837	92141	6.79	87.1	12.83	42.8	201.0	3.51	3.28	0.483	-	-
13	8	92141	74692	3.80	47.1	12.39	41.3	62.0	2.09	1.71	0.450	-	-
13	9	74692	41480	1.91	22.8	11.94	39.8	28.2	1.10	0.81	0.424	-	-
13	10	41480	19059	0.79	8.9	11.27	37.6	28.2	0.43	0.37	0.468	-	-
13	11	19059	8209	0.38	3.7	9.74	32.5	28.2	0.20	0.18	0.474	-	-
13	12	8209	3321	0.20	1.9	9.50	31.7	28.2	0.10	0.10	0.500	-	-
13	13	3321	1309	0.11	1.2	10.91	36.4	28.2	0.05	0.06	0.545	-	-
13	14	1309	531	0.08	0.9	11.25	37.5	28.2	0.03	0.05	0.625	-	-
13	15	531	229	0.08	0.9	11.25	37.5	28.2	0.03	0.05	0.625	-	-
13	16	229	104	0.06	0.7	11.67	38.9	28.2	0.03	0.04	0.667	-	-
13	17	104	48	0.04	0.3	7.50	25.0	28.2	0.03	0.01	0.250	-	-
13	18	48	19	0.02	0.1	5.00	16.7	28.2	0.01	0.01	0.500	-	-
13	19	19	7	0.01	0.0	0.00	0.0	28.2	0.01	0.00	0.000	-	-
13	20	7	0	0.00	0.0	0.00	0.0	28.2	0.00	0.00	-	-	-
14	0	1	8255	0.03	0.0	0.00	0.0	28.2	0.02	0.01	0.333	-	-
14	1	8255	138190	14.08	145.8	10.36	34.5	180.4	5.26	8.82	0.626	-	-
14	2	138190	242576	92.65	1941.8	20.96	69.9	827.2	72.22	20.44	0.221	-	-
14	3	242576	262748	82.19	1637.8	19.93	66.4	874.8	60.56	21.63	0.263	-	-
14	4	262748	262131	61.36	1144.0	18.64	62.1	851.2	42.25	19.11	0.311	-	-
14	5	262131	258029	37.87	644.3	17.01	56.7	824.1	24.36	13.52	0.357	-	-
14	6	258029	237898	20.82	349.9	16.81	56.0	482.8	12.92	7.89	0.379	-	-
14	7	237898	189388	11.62	188.8	16.25	54.2	199.7	7.45	4.17	0.359	-	-
14	8	189388	101810	5.55	91.0	16.40	54.7	53.2	3.74	1.81	0.326	-	-
14	9	101810	44730	2.39	32.5	13.60	45.3	28.2	1.61	0.78	0.326	-	-
14	10	44730	18683	0.87	11.8	13.56	45.2	28.2	0.52	0.35	0.402	-	-
14	11	18683	7706	0.43	4.5	10.47	34.9	28.2	0.25	0.17	0.395	-	-
14	12	7706	3118	0.23	2.1	9.13	30.4	28.2	0.13	0.10	0.435	-	-
14	13	3118	1235	0.13	1.5	11.54	38.5	28.2	0.06	0.07	0.538	-	-
14	14	1235	487	0.09	1.1	12.22	40.7	28.2	0.04	0.05	0.556	-	-
14	15	487	203	0.08	1.0	12.50	41.7	28.2	0.03	0.05	0.625	-	-
14	16	203	91	0.06	0.6	10.00	33.3	28.2	0.03	0.03	0.500	-	-
14	17	91	42	0.03	0.2	6.67	22.2	28.2	0.02	0.01	0.333	-	-
14	18	42	18	0.02	0.1	5.00	16.7	28.2	0.01	0.01	0.500	-	-
14	19	18	7	0.01	0.0	0.00	0.0	28.2	0.01	0.00	0.000	-	-
14	20	7	0	0.00	0.0	0.00	0.0	28.2	0.00	0.00	-	-	-
15	0	1	16511	0.05	0.0	0.00	0.0	28.2	0.04	0.01	0.200	-	-
15	1	16511	333623	35.50	418.5	11.79	39.3	356.6	15.36	20.14	0.567	-	-
15	2	333623	609270	220.73	4838.4	21.92	73.1	810.4	176.10	44.64	0.202	-	-
15	3	609270	644623	181.87	3694.7	20.32	67.7	873.6	139.41	42.46	0.233	-	-
15	4	644623	640868	125.76	2406.1	19.13	63.8	857.3	93.99	31.77	0.253	-	-
15	5	640868	603663	78.87	1408.2	17.85	59.5	825.7	60.16	18.70	0.237	-	-
15	6	603663	478772	41.69	781.7	18.75	62.5	431.9	32.14	9.55	0.229	-	-
15	7	478772	250874	20.04	379.8	18.95	63.2	101.9	15.93	4.10	0.205	-	-
15	8	250874	103885	7.00	129.5	18.50	61.7	28.7	5.33	1.67	0.239	-	-
15	9	103885	41707	2.67	43.3	16.22	54.1	28.2	1.95	0.73	0.273	-	-
15	10	41707	16847	1.06	14.9	14.06	46.9	28.2	0.73	0.33	0.311	-	-
15	11	16847	6876	0.44	5.4	12.27	40.9	28.2	0.29	0.16	0.364	-	-
15	12	6876	2794	0.23	2.4	10.43	34.8	28.2	0.13	0.10	0.435	-	-
15	13	2794	1128	0.13	1.4	10.77	35.9	28.2	0.06	0.07	0.538	-	-
15	14	1128	450	0.10	1.3	13.00	43.3	28.2	0.04	0.06	0.600	-	-
15	15	450	181	0.08	1.1	13.75	45.8	28.2	0.03	0.05	0.625	-	-
15	16	181	78	0.05	0.5	10.00	33.3	28.2	0.03	0.03	0.600	-	-
15	17	78	36	0.03	0.1	3.33	11.1	28.2	0.02	0.01	0.333	-	-
15	18	36	16	0.02	0.0	0.00	0.0	28.2	0.01	0.00	0.000	-	-
15	19	16	6	0.01	0.0	0.00	0.0	28.2	0.01	0.00	0.000	-	-
15	20	6	0	0.00	0.0	0.00	0.0	28.2	0.00	0.00	-	-	-
16	0	1	32895	0.08	0.1	1.25	4.2	28.2	0.07	0.01	0.125	-	-
16	1	32895	804455	77.50	970.4	12.52	41.7	708.6	35.54	41.96	0.541	-	-
16	2	804455	1461703	516.39	11206.8	21.70	72.3	770.9	433.28	83.11	0.161	-	-
16	3	1461703	1499953	403.40	8712.4	21.60	72.0	851.4	333.57	69.83	0.173	-	-
16	4	1499953	1464738	270.17	5726.9	21.20	70.7	852.8	227.03	43.14	0.160	-	-
16	5	1464738	1183574	150.44	3335.9	22.17	73.9	816.2	129.07	21.37	0.142	-	-
16	6	1183574	607912	80.31	1655.5	20.61	68.7	244.0	71.59	8.72	0.109	-	-
16	7	607912	238598	24.95	523.9	21.00	70.0	98.0	21.54	3.41	0.137	-	-
16	8	238598	90819	9.35	168.4	18.01	60.0	28.2	7.91	1.44	0.154	-	-
16	9	90819	35745	3.21	55.7	17.35	57.8	28.2	2.53	0.68	0.212	-	-
16	10	35745	14436	1.33	18.5	13.91	46.4	28.2	1.02	0.31	0.233	-	-
16	11	14436	5906	0.45	6.5	14.44	48.1	28.2	0.29	0.15	0.333	-	-
16	12	5906	2415	0.21	2.6	12.38	41.3	28.2	0.11	0.10	0.476	-	-
16	13	2415	985	0.13	1.4	10.77	35.9	28.2	0.05	0.07	0.538	-	-
16	14	985	400	0.09	0.9	10.00	33.3	28.2	0.04	0.05	0.556	-	-
16	15	400	161	0.08	1.0	12.50	41.7	28.2	0.03	0.05	0.625	-	-
16	16	161	67	0.05	0.5	10.00	33.3	28.2	0.03	0.02	0.400	-	-
16	17	67	29	0.03	0.1	3.33	11.1	28.2	0.02	0.01	0.333	-	-
16	18	29	13	0.01	0.0	0.00	0.0	28.2	0.01	0.00	0.000	-	-
16	19	13	5	0.01	0.0	0.00	0.0	28.2	0.00	0.00	0.000	-	-
16	20	5	0	0.00	0.0	0.00	0.0	28.2	0.00	0.00	-	-	-
17	0	1	65791	0.16	0.2	1.25	4.2	28.2	0.14	0.02	0.125	-	-
17	1	65791	1942129	160.16	2373.7	14.82	49.4	708.5	87.44	72.72	0.454	-	-
17	2	1942129	3277919	1441.65	28272.6	19.61	65.4	751.9	1316.34	125.32	0.087	-	-
17	3	3277919	3295828	1028.50	21483.5	20.89	69.6	807.7	939.40	89.09	0.087	-	-
17	4	3295828	2826204	603.49	13849.6	22.95	76.5	834.4	558.83	44.67	0.074	-	-
17	5	2826204	1448914	311.80	7110.0	22.80	76.0	803.2	293.75	18.05	0.058	-	-
17	6	1448914	539259	105.09	2201.4	20.95	69.8	190.4	98.18	6.91	0.066	-	-
17	7	539259	196937	36.48	657.3	18.02	60.1	50.4	33.70	2.78	0.076	-	-
17	8	196937	74907	12.17	212.9	17.49	58.3	28.2	10.92	1.25	0.103	-	-
17	9	74907	29843	3.91	68.9	17.62	58.7	28.2	3.34	0.57	0.146	-	-
17	10	29843	12177	1.33	22.2	16.69	55.6	28.2	1.06	0.27	0.203	-	-
17	11	12177	5005	0.50	7.4	14.80	49.3	28.2	0.37	0.13	0.260	-	-
17	12	5005	2056	0.22	2.8	12.73	42.4	28.2	0.14	0.09	0.409	-	-
17	13	2056	844	0.13	1.6	12.31	41.0	28.2	0.06	0.07	0.538	-	-
17	14	844	346	0.09	1.1	12.22	40.7	28.2	0.04	0.06	0.667	-	-
17	15	346	142	0.07	0.7	10.00	33.3	28.2	0.03	0.04	0.571	-	-
17	16	142	58	0.05	0.4	8.00	26.7	28.2	0.03	0.03	0.600	-	-
17	17	58	24	0.02	0.1	5.00	16.7	28.2	0.02	0.01	0.500	-	-
17	18	24	10	0.01	0.0	0.00	0.0	28.2	0.01	0.00	0.000	-	-
17	19	10	4	0.01	0.0	0.00	0.0	28.2	0.00	0.00	0.000	-	-
17	20	4	0	0.00	0.0	0.00	0.0	28.2	0.00	0.00	-	-	-
18	0	1	131327	0.31	0.3	0.97	3.2	28.5	0.27	0.04	0.129	-	-
18	1	131327	4686339	351.44	6773.3	19.27	64.2	708.5	255.61	95.84	0.273	-	-
18	2	4686339	6423560	3199.53	73436.0	22.95	76.5	709.3	3056.40	143.13	0.045	-	-
18	3	6423560	6292233	2446.20	53125.1	21.72	72.4	761.1	2363.15	83.05	0.034	-	-
18	4	6292233	3317745	1292.46	29907.5	23.14	77.1	801.3	1259.42	33.04	0.026	-	-
18	5	3317745	1192187	362.40	8991.6	24.81	82.7	207.5	350.02	12.38	0.034	-	-
18	6	1192187	416684	131.55	2605.5	19.81	66.0	96.3	126.79	4.76	0.036	-	-
18	7	416684	155638	44.15	793.9	17.98	59.9	28.2	42.06	2.09	0.047	-	-
18	8	155638	61365	15.38	251.2	16.33	54.4	28.2	14.46	0.91	0.059	-	-
18	9	61365	24919	4.45	79.1	17.78	59.3	28.2	4.00	0.45	0.101	-	-
18	10	24919	10244	1.66	24.9	15.00	50.0	28.2	1.44	0.22	0.133	-	-
18	11	10244	4223	0.48	8.1	16.88	56.2	28.2	0.36	0.12	0.250	-	-
18	12	4223	1741	0.23	2.9	12.61	42.0	28.2	0.15	0.08	0.348	-	-
18	13	1741	718	0.12	1.7	14.17	47.2	28.2	0.05	0.06	0.500	-	-
18	14	718	296	0.09	1.1	12.22	40.7	28.2	0.04	0.05	0.556	-	-
18	15	296	122	0.06	0.6	10.00	33.3	28.2	0.03	0.03	0.500	-	-
18	16	122	50	0.05	0.4	8.00	26.7	28.2	0.03	0.02	0.400	-	-
18	17	50	20	0.02	0.1	5.00	16.7	28.2	0.01	0.01	0.500	-	-
18	18	20	8	0.01	0.0	0.00	0.0	28.2	0.01	0.00	0.000	-	-
18	19	8	3	0.01	0.0	0.00	0.0	28.2	0.00	0.00	0.000	-	-
18	20	3	0	0.00	0.0	0.00	0.0	28.2	0.00	0.00	-	-	-
19	0	1	262655	0.62	0.6	0.97	3.2	54.6	0.56	0.07	0.113	-	-
19	1	262655	11313826	852.22	20097.3	23.58	78.6	708.2	769.33	82.89	0.097	-	-
19	2	11313826	11991314	8450.33	186015.5	22.01	73.4	709.3	8344.96	105.37	0.012	-	-
19	3	11991314	6946817	4740.79	117085.4	24.70	82.3	709.0	4691.91	48.89	0.010	-	-
19	4	6946817	2377450	1367.02	34768.3	25.43	84.8	376.1	1350.24	16.78	0.012	-	-
19	5	2377450	808895	442.79	9159.6	20.69	69.0	97.0	436.47	6.32	0.014	-	-
19	6	808895	299947	171.80	2712.9	15.79	52.6	31.7	169.16	2.64	0.015	-	-
19	7	299947	118197	43.11	837.7	19.43	64.8	28.2	41.93	1.17	0.027	-	-
19	8	118197	47994	20.66	258.3	12.50	41.7	28.2	20.12	0.55	0.027	-	-
19	9	47994	19731	6.10	79.6	13.05	43.5	28.2	5.83	0.27	0.044	-	-
19	10	19731	8149	1.96	24.1	12.30	41.0	28.2	1.80	0.16	0.082	-	-
19	11	8149	3369	1.18	7.6	6.44	21.5	28.2	1.09	0.09	0.076	-	-
19	12	3369	1393	0.22	2.9	13.18	43.9	28.2	0.16	0.07	0.318	-	-
19	13	1393	576	0.13	1.4	10.77	35.9	28.2	0.07	0.06	0.462	-	-
19	14	576	238	0.09	1.0	11.11	37.0	28.2	0.03	0.05	0.556	-	-
19	15	238	98	0.07	0.6	8.57	28.6	28.2	0.03	0.03	0.429	-	-
19	16	98	40	0.04	0.2	5.00	16.7	28.2	0.02	0.01	0.250	-	-
19	17	40	16	0.02	0.1	5.00	16.7	28.2	0.01	0.01	0.500	-	-
19	18	16	6	0.01	0.0	0.00	0.0	28.2	0.00	0.00	0.000	-	-
19	19	6	2	0.01	0.0	0.00	0.0	28.2	0.00	0.00	0.000	-	-
19	20	2	0	0.00	0.0	0.00	0.0	28.2	0.00	0.00	-	-	-
20	0	1	524799	1.28	1.3	1.02	3.4	106.7	1.15	0.13	0.102	-	-
20	1	524799	26783455	2255.19	57583.4	25.53	85.1	707.0	2216.56	38.63	0.017	-	-
20	2	26783455	13478564	19800.36	409576.8	20.69	69.0	707.5	19762.12	38.24	0.002	-	-
20	3	13478564	4071955	5148.59	110587.7	21.48	71.6	179.9	5135.15	13.43	0.003	-	-
20	4	4071955	1340972	1158.22	25928.0	22.39	74.6	51.1	1153.64	4.58	0.004	-	-
20	5	1340972	499799	434.94	7267.2	16.71	55.7	28.4	433.14	1.80	0.004	-	-
20	6	499799	198860	130.53	2217.1	16.99	56.6	28.4	129.73	0.79	0.006	-	-
20	7	198860	81243	39.64	676.4	17.06	56.9	28.4	39.25	0.39	0.010	-	-
20	8	81243	33507	13.14	202.7	15.43	51.4	28.4	12.94	0.20	0.015	-	-
20	9	33507	13862	3.72	60.8	16.34	54.5	28.4	3.60	0.12	0.032	-	-
20	10	13862	5740	1.80	17.9	9.94	33.1	28.4	1.71	0.09	0.050	-	-
20	11	5740	2377	0.51	5.7	11.18	37.3	28.4	0.45	0.06	0.118	-	-
20	12	2377	984	0.18	2.1	11.67	38.9	28.4	0.12	0.05	0.278	-	-
20	13	984	407	0.12	1.3	10.83	36.1	28.4	0.08	0.05	0.417	-	-
20	14	407	168	0.09	0.9	10.00	33.3	28.4	0.04	0.04	0.444	-	-
20	15	168	69	0.05	0.4	8.00	26.7	28.4	0.03	0.02	0.400	-	-
20	16	69	28	0.02	0.1	5.00	16.7	28.4	0.02	0.01	0.500	-	-
20	17	28	11	0.01	0.0	0.00	0.0	28.4	0.01	0.00	0.000	-	-
20	18	11	4	0.01	0.0	0.00	0.0	28.4	0.01	0.00	0.000	-	-
20	19	4	1	0.00	0.0	0.00	0.0	28.4	0.00	0.00	-	-	-
20	20	1	0	0.00	0.0	0.00	0.0	28.4	0.00	0.00	-	-	-
